alias,Gene,VAR_p,VAF
BASPA,ALK,p.Gly1202GlufsTer56,2.9
REMMA,ALK,p.Lys1267Asn,1.4
REMMA,ARID1A,p.Thr290Pro,9.3
PLANY,ARID1A,p.Arg1223His,1
MULAY,ARID1A,p.Met1759Ile,2.4
MULAY,ARID1A,p.Ala532Val,5.9
PLANY,KMT2C,p.His4278Asn,1.4
FARMO,KMT2C,p.Ala117Thr,1
DEVCL,KMT2C,intron,0.6
BASPA,NCOA3,p.Gln758Ter,2.5
MOKRA,NCOA3,p.Pro115Leu,1.1
REMMA,NCOR1,p.Arg627Leu,1.7
MULAY,NCOR1,intron,3.7
MULAY,NCOR1,p.Gly1340Cys,1.3
GOSJU,NOTCH1,p.Gln1837Ter,2.7
GOSJU,NOTCH1,p.Gly251Asp,1.2
ROQRO-2,NOTCH1,p.Ala1418Thr,1.1
BOUDE-2,NOTCH1,intron,1.4
ROQRO-2,NOTCH2,p.Gln2006Ter,1.2
BASPA,NOTCH2,p.His1208Asn,1.5
MOKRA,PIK3CA,p.Glu545Lys,3.5
DEVCL,PIK3CA,p.Glu542Lys,4.2
SAMAR,SMARCA4,p.Met797Ile,2
MASFA,SMARCA4,p.Phe939Leu,1.9
